{"cameraMode":{"drawMode":0,"name":"Shaded","section":"Shading Mode"},"sceneLighting":true,"audioPlay":false,"sceneViewState":{"showFog":true,"showMaterialUpdate":false,"showSkybox":true,"showFlares":true,"showImageEffects":true,"showParticleSystems":true},"in2DMode":false,"pivot":{"x":-5.4171881675720219,"y":3.820204734802246,"z":6.511407375335693},"rotation":{"x":0.06259866058826447,"y":0.3817913830280304,"z":-0.025936217978596689,"w":0.9217773675918579},"size":1.6363099813461304,"orthographic":false}