{"cameraMode":{"drawMode":0,"name":"Shaded","section":"Shading Mode"},"sceneLighting":false,"audioPlay":false,"sceneViewState":{"showFog":true,"showMaterialUpdate":false,"showSkybox":false,"showFlares":true,"showImageEffects":true,"showParticleSystems":true},"in2DMode":false,"pivot":{"x":2.5,"y":-0.04999999701976776,"z":2.4999923706054689},"rotation":{"x":-0.1312582641839981,"y":0.6989433169364929,"z":-0.13279704749584199,"w":-0.6904621720314026},"size":3.535881996154785,"orthographic":false}